-- ============================================================
--  샘플 데이터 — 대시보드 더미 수치와 동일하게 적재
--  실행: schema.sql 실행 후 SQL Editor 에서 RUN
-- ============================================================

-- ── 지점 (전사 모드 테이블과 동일) ──────────────────────────
insert into branches (id, name, region, type, seats) values
  ('11111111-0000-0000-0000-000000000001','강남 직영점','수도권','direct',250),
  ('11111111-0000-0000-0000-000000000002','수원 영통점','수도권','franchise',233),
  ('11111111-0000-0000-0000-000000000003','강남구 직영점','수도권','direct',228),  -- ★ 내 지점
  ('11111111-0000-0000-0000-000000000004','부산 서면점','영남','franchise',216),
  ('11111111-0000-0000-0000-000000000005','인천 송도점','수도권','franchise',205),
  ('11111111-0000-0000-0000-000000000006','대구 범어점','영남','franchise',207)
on conflict (id) do nothing;

-- ── 내 지점(강남구 직영점) 헤드라인 스냅샷 ──────────────────
insert into metrics_snapshot (branch_id,total_students,n_repeat,n_current,occupancy,
  mtd_revenue,yesterday_revenue,unpaid_total,unpaid_count,
  attend_present,attend_late,attend_absent,attend_long,attend_onleave,
  week_enroll,week_withdraw,month_enroll,month_withdraw,percentile_rank)
values ('11111111-0000-0000-0000-000000000003',187,94,93,82.0,
  18400000,1270000,4120000,7,
  154,3,2,5,7,
  4,1,13,4,18.0)
on conflict (branch_id) do update set updated_at = now();

-- 전사 지점별 당월 매출 / 등급용 스냅샷 (전사 테이블 차트)
insert into metrics_snapshot (branch_id,total_students,occupancy,mtd_revenue,percentile_rank) values
  ('11111111-0000-0000-0000-000000000001',228,91.0,241000000,8.0),
  ('11111111-0000-0000-0000-000000000002',196,84.0,192000000,12.0),
  ('11111111-0000-0000-0000-000000000004',164,76.0,152000000,24.0),
  ('11111111-0000-0000-0000-000000000005',152,74.0,138000000,31.0),
  ('11111111-0000-0000-0000-000000000006',141,68.0,121000000,42.0)
on conflict (branch_id) do nothing;

-- ── 재원생 (위험·미납 명단의 실제 학생) ─────────────────────
insert into students (id, branch_id, name, type, status, enrolled_at) values
  ('22222222-0000-0000-0000-000000000001','11111111-0000-0000-0000-000000000003','홍○○','repeat','active','2025-03-02'),
  ('22222222-0000-0000-0000-000000000002','11111111-0000-0000-0000-000000000003','김○○','repeat','active','2025-03-04'),
  ('22222222-0000-0000-0000-000000000003','11111111-0000-0000-0000-000000000003','박○○','current','active','2025-04-01'),
  ('22222222-0000-0000-0000-000000000004','11111111-0000-0000-0000-000000000003','이○○','current','active','2025-02-11'),
  ('22222222-0000-0000-0000-000000000005','11111111-0000-0000-0000-000000000003','최○○','repeat','active','2025-01-20'),
  ('22222222-0000-0000-0000-000000000006','11111111-0000-0000-0000-000000000003','정○○','current','active','2025-05-09'),
  ('22222222-0000-0000-0000-000000000007','11111111-0000-0000-0000-000000000003','윤○○','repeat','active','2025-04-15'),
  ('22222222-0000-0000-0000-000000000008','11111111-0000-0000-0000-000000000003','송○○','current','active','2025-05-20')
on conflict (id) do nothing;

-- ── 퇴원 위험 (홍94·김88·박81·이62·최57) ────────────────────
insert into churn_risks (student_id, branch_id, score, level, signals) values
  ('22222222-0000-0000-0000-000000000001','11111111-0000-0000-0000-000000000003',94,'urgent', array['순공 −45%','상담기피 12일','부정어 감지','앱 미접속 5일']),
  ('22222222-0000-0000-0000-000000000002','11111111-0000-0000-0000-000000000003',88,'urgent', array['모의고사 2회↓','질문예약 0건','결석 3회','학부모 문의↑']),
  ('22222222-0000-0000-0000-000000000003','11111111-0000-0000-0000-000000000003',81,'urgent', array['부정 게시글','다른 곳 감지','순공 −32%']),
  ('22222222-0000-0000-0000-000000000004','11111111-0000-0000-0000-000000000003',62,'watch',  array['집중도 3주 하락','상담 간격 증가','목표 격차 확대']),
  ('22222222-0000-0000-0000-000000000005','11111111-0000-0000-0000-000000000003',57,'watch',  array['피로 누적','루틴 붕괴 조짐','팔로업 필요']);

-- ── 미납 (김98·정85·윤76·송62) ───────────────────────────────
insert into payments (student_id, branch_id, amount, due_date, status, reminders_sent) values
  ('22222222-0000-0000-0000-000000000002','11111111-0000-0000-0000-000000000003', 980000, current_date - 31, 'unpaid', 2),
  ('22222222-0000-0000-0000-000000000006','11111111-0000-0000-0000-000000000003', 850000, current_date - 18, 'unpaid', 1),
  ('22222222-0000-0000-0000-000000000007','11111111-0000-0000-0000-000000000003', 760000, current_date - 15, 'unpaid', 1),
  ('22222222-0000-0000-0000-000000000008','11111111-0000-0000-0000-000000000003', 620000, current_date - 9,  'unpaid', 0);

-- ── 상담 (홍·박) ─────────────────────────────────────────────
insert into consultations (student_id, branch_id, date, counselor, summary, sentiment, keywords) values
  ('22222222-0000-0000-0000-000000000001','11111111-0000-0000-0000-000000000003', current_date - 3, '담임','목표 대학 자신감 저하 반복. ''열심히 해도 안 될 것 같다'' 2회.', 'negative', array['자신감 저하','포기 신호','목표 재설정']),
  ('22222222-0000-0000-0000-000000000003','11111111-0000-0000-0000-000000000003', current_date - 4, '담임','타 학원 비교 발언, 커리큘럼 불만족. 학부모 전화 문의.', 'negative', array['타원 비교','불만족','학부모 연계']);

-- ── 일별 지표 (라인/영역 차트: 1~6월) ───────────────────────
insert into daily_metrics (branch_id, date, revenue, new_enrollments, withdrawals, attendance_rate, occupancy) values
  ('11111111-0000-0000-0000-000000000003','2026-01-01',14500000,13,4,79,78),
  ('11111111-0000-0000-0000-000000000003','2026-02-01',15200000,15,3,80,79),
  ('11111111-0000-0000-0000-000000000003','2026-03-01',13800000,12,5,78,79),
  ('11111111-0000-0000-0000-000000000003','2026-04-01',16100000,14,4,81,80),
  ('11111111-0000-0000-0000-000000000003','2026-05-01',17200000,16,6,82,81),
  ('11111111-0000-0000-0000-000000000003','2026-06-01',18400000,20,5,82,82)
on conflict (branch_id, date) do nothing;

-- ── 이탈 사유 (지점 / 전사) ──────────────────────────────────
insert into churn_reasons (scope, branch_id, reason, pct, rank) values
  ('branch','11111111-0000-0000-0000-000000000003','성적 부진',42,1),
  ('branch','11111111-0000-0000-0000-000000000003','타 학원',31,2),
  ('branch','11111111-0000-0000-0000-000000000003','번아웃',18,3),
  ('branch','11111111-0000-0000-0000-000000000003','비용',9,4),
  ('all', null,'성적 부진',39,1),
  ('all', null,'타 학원',33,2),
  ('all', null,'번아웃',17,3),
  ('all', null,'비용',11,4);

-- ── 액션 아이템 ──────────────────────────────────────────────
insert into action_items (branch_id, priority, title, due_time) values
  ('11111111-0000-0000-0000-000000000003','urgent','홍○○ 즉시 상담', '09:30'),
  ('11111111-0000-0000-0000-000000000003','urgent','오르비 게시글 대응','10:00'),
  ('11111111-0000-0000-0000-000000000003','high','미납 7명 발송','11:00'),
  ('11111111-0000-0000-0000-000000000003','high','특생 12명 연락','13:00'),
  ('11111111-0000-0000-0000-000000000003','followup','최○○ 상담','15:00'),
  ('11111111-0000-0000-0000-000000000003','followup','주간 보고서 제출','17:00');
